Event Name,Event Time,Status,External Url
Women In Agricultural Mechanisation In Northern Ghana,"Jun 28, 2025 04:00 PM - Jun 28, 2025 05:00 PM",RELINQUISHED,
Microsoft fueling your startup growth,"Sep 04, 2024 08:00 AM - Sep 04, 2024 08:30 AM",APPROVED,
MASTERING THE STARTUP GAME; SALES & BRANDING TACTICS FOR NEW ENTREPRENEURS ,"Oct 25, 2024 06:00 AM - Oct 25, 2024 08:00 AM",APPROVED,
Unlocking Career Success: Leveraging LinkedIn for Professional Growth,"Oct 26, 2024 04:30 PM - Oct 26, 2024 06:00 PM",RELINQUISHED,
Python For Geology & Geoscience,"Feb 09, 2026 03:30 PM - Feb 09, 2026 05:30 PM",APPROVED,https://peassociations.com/e-learning-coursedetails/python-for-geology-geosciences
US International Conference of Agriculture and Biological Science (ICAB II),"Sep 07, 2024 06:00 AM - Sep 07, 2024 03:00 PM",APPROVED,
"Better Data, Better AI: Why Data Quality is Cornerstone for AI Excellence","Sep 26, 2024 03:00 PM - Sep 26, 2024 04:00 PM",APPROVED,https://events.hubilo.com/better-data-better-ai--why-data-quality-is-the-cornerstone-for-ai-excellence/register?utm_source=LinkedIn&utm_campaign=BDBA03&utm_medium=LIN
Role of Business Incubators / Accelerators in Startup Funding & Growth,"Dec 01, 2024 12:30 PM - Dec 01, 2024 01:30 PM",APPROVED,
Global Talent Trends Live Audio Event,"Dec 12, 2024 05:00 PM - Dec 12, 2024 05:30 PM",RELINQUISHED,
Industry Session: AI and the Future of Fintech,"Sep 04, 2024 09:00 AM - Sep 04, 2024 09:30 AM",APPROVED,
Power BI for Social Media Marketing Analytics Workshop,"Jun 11, 2025 12:00 PM - Jun 11, 2025 01:00 PM",APPROVED,
Future of Business,"Dec 01, 2024 01:30 PM - Dec 01, 2024 02:30 PM",APPROVED,
